{
    "toolList": [
        {
            "id": "ArucoBoard",
            "marker_count": 5,
            "marker_ids": [
                0,
                2,
                3,
                4,
                5
            ],
            "marker_corners_m": [
                [
                    [
                        0.03375,
                        0.011126,
                        0.03375
                    ],
                    [
                        0.03375,
                        0.011126,
                        0.00375
                    ],
                    [
                        0.00375,
                        0.011126,
                        0.00375
                    ],
                    [
                        0.00375,
                        0.011126,
                        0.03375
                    ]
                ],
                [
                    [
                        0.0036655,
                        0.013716,
                        -0.0027361
                    ],
                    [
                        0.033666,
                        0.013716,
                        -0.0027361
                    ],
                    [
                        0.033666,
                        0.034929,
                        -0.023949
                    ],
                    [
                        0.0036655,
                        0.034929,
                        -0.023949
                    ]
                ],
                [
                    [
                        -0.0026516,
                        0.013632,
                        0.03375
                    ],
                    [
                        -0.0026516,
                        0.013632,
                        0.00375
                    ],
                    [
                        -0.023865,
                        0.034845,
                        0.00375
                    ],
                    [
                        -0.023865,
                        0.034845,
                        0.03375
                    ]
                ],
                [
                    [
                        0.033604,
                        0.013632,
                        0.040152
                    ],
                    [
                        0.0036039,
                        0.013632,
                        0.040152
                    ],
                    [
                        0.0036039,
                        0.034845,
                        0.061365
                    ],
                    [
                        0.033604,
                        0.034845,
                        0.061365
                    ]
                ],
                [
                    [
                        0.040009,
                        0.013635,
                        0.00375
                    ],
                    [
                        0.040009,
                        0.013635,
                        0.03375
                    ],
                    [
                        0.061222,
                        0.034848,
                        0.03375
                    ],
                    [
                        0.061222,
                        0.034848,
                        0.00375
                    ]
                ]
            ]
        }
    ]
}