{
    "toolList": [
        {
            "id": "OldSpine",
            "marker_count": 3,
            "marker_ids": [
                16,
                18,
                19
            ],
            "marker_corners_m": [
                [
                    [
                        -43.05063298556038,
                        46.14516404658233,
                        79.67792021068445
                    ],
                    [
                        -34.624,
                        28.439,
                        76.935
                    ],
                    [
                        35.467,
                        30.643,
                        57.422
                    ],
                    [
                        -44.30964002218731,
                        48.066368280670886,
                        60.62730110818355
                    ]
                ],
                [
                    [
                        -40.123,
                        43.788,
                        45.193
                    ],
                    [
                        -32.412,
                        28.366,
                        54.392
                    ],
                    [
                        -32.656,
                        19.665,
                        35.956
                    ],
                    [
                        -39.258,
                        34.534,
                        27.1
                    ]
                ],
                [
                    [
                        -55.44477143596545,
                        10.136252142834206,
                        34.88720610457245
                    ],
                    [
                        -44.946,
                        26.459,
                        30.965
                    ],
                    [
                        -30.611,
                        16.657,
                        26.326
                    ],
                    [
                        -48.7779528186239,
                        11.888623040840471,
                        32.59213169836462
                    ]
                ]
            ]
        },
        {
            "id": "IncorrectSpine",
            "marker_count": 3,
            "marker_ids": [
                13,
                14,
                15
            ],
            "marker_corners_m": [
                [
                    [
                        -1.0656672053897118,
                        47.430508318375665,
                        81.61933629427031
                    ],
                    [
                        -17.598759,
                        42.385378,
                        91.275606
                    ],
                    [
                        -30.002091501702218,
                        36.276870167112286,
                        77.1022700027313
                    ],
                    [
                        -13.469,
                        41.322,
                        67.446
                    ]
                ],
                [
                    [
                        -8.0419,
                        42.101,
                        57.839
                    ],
                    [
                        -25.681788187850294,
                        34.49282437458427,
                        62.63378971102692
                    ],
                    [
                        -30.115169194372477,
                        33.250558697808934,
                        41.31361531981428
                    ],
                    [
                        -12.197,
                        40.687,
                        37.354
                    ]
                ],
                [
                    [
                        -8.621478703123215,
                        50.81762691334673,
                        23.100738372218256
                    ],
                    [
                        -20.441,
                        39.872,
                        34.613
                    ],
                    [
                        -38.615454159744374,
                        44.05156866303601,
                        27.96014934886422
                    ],
                    [
                        -26.795933,
                        54.997196,
                        16.447888
                    ]
                ]
            ]
        },
        {
            "id": "CorrectSpine",
            "marker_count": 3,
            "marker_ids": [
                17,
                11,
                12
            ],
            "marker_corners_m": [
                [
                    [
                        -23.369,
                        32.685,
                        68.177
                    ],
                    [
                        -39.731,
                        35.534,
                        77.855
                    ],
                    [
                        -48.186000,
                        36.659000,
                        60.489000
                    ],
                    [
                        -31.824,
                        33.81,
                        50.811
                    ]
                ],
                [
                    [
                        -18.863,
                        28.624,
                        47.692
                    ],
                    [
                        -36.099000,
                        32.743000,
                        42.365000
                    ],
                    [
                        -30.79,
                        32.072,
                        22.766
                    ],
                    [
                        -13.554,
                        27.953,
                        28.093
                    ]
                ],
                [
                    [
                        -2.1491893221557987,
                        28.18594139164811,
                        22.890216713806986
                    ],
                    [
                        -20.608,
                        35.082,
                        20.952
                    ],
                    [
                        -14.720142970775074,
                        53.97880156830946,
                        20.419055264268486
                    ],
                    [
                        3.738668,
                        47.082743,
                        22.357272
                    ]
                ]
            ]
        }
    ]
}