{
    "initial_fparam": [
        -2.2193201899999995,
        2.1267764400000004,
        -4.165012,
        4.7328060700000005,
        10.22362026,
        -11.14479786,
        2.36086036,
        -1.8825553399999997,
        13.29378517
    ],
    "bounds": [
        [
            -2,
            2
        ],
        [
            0.5,
            3
        ],
        [
            -2,
            2
        ],
        [
            -2,
            2
        ],
        [
            -5,
            5
        ],
        [
            -5,
            5
        ],
        [
            -5,
            -1
        ],
        [
            -5,
            5
        ],
        [
            -5,
            0
        ]
    ],
    "alphabeta": [
        0.45,
        0.55
    ],
    "tip_threshold": [
        0.1
    ],
    "registration_threshold": [
        1.0
    ],
    "iterations": [
        1200
    ]
}